,Name,Sales,Purchases
0,Kulas Inc,137351.95999999996,94
1,White-Trantow,135841.99000000002,86
2,Trantow-Barrows,123381.38000000003,94
3,Jerde-Hilpert,112591.43,89
4,"Fritsch, Russel and Anderson",112214.71,81
5,Barton LLC,109438.5,82
6,Will LLC,104437.60000000002,74
7,Koepp Ltd,103660.54000000001,82
8,"Frami, Hills and Schmidt",103569.59,72
9,Keeling LLC,100934.29999999999,74
